{
	"IcoMoonType": "selection",
	"icons": [
		{
			"icon": {
				"paths": [
					"M707.88 484.652c37.498-44.542 60.12-102.008 60.12-164.652 0-141.16-114.842-256-256-256h-320v896h384c141.158 0 256-114.842 256-256 0-92.956-49.798-174.496-124.12-219.348zM384 192h101.5c55.968 0 101.5 57.42 101.5 128s-45.532 128-101.5 128h-101.5v-256zM543 832h-159v-256h159c58.45 0 106 57.42 106 128s-47.55 128-106 128z"
				],
				"tags": [
					"bold",
					"wysiwyg"
				],
				"grid": 16
			},
			"properties": {
				"id": 324,
				"order": 1,
				"prevSize": 32,
				"code": 58891,
				"name": "bold",
				"ligatures": ""
			},
			"setIdx": 0,
			"iconIdx": 324
		},
		{
			"icon": {
				"paths": [
					"M896 64v64h-128l-320 768h128v64h-448v-64h128l320-768h-128v-64z"
				],
				"tags": [
					"italic",
					"wysiwyg"
				],
				"grid": 16
			},
			"properties": {
				"id": 326,
				"order": 2,
				"prevSize": 32,
				"code": 58893,
				"name": "italic",
				"ligatures": ""
			},
			"setIdx": 0,
			"iconIdx": 326
		},
		{
			"icon": {
				"paths": [
					"M704 64h128v416c0 159.058-143.268 288-320 288-176.73 0-320-128.942-320-288v-416h128v416c0 40.166 18.238 78.704 51.354 108.506 36.896 33.204 86.846 51.494 140.646 51.494 53.8 0 103.75-18.29 140.646-51.494 33.116-29.802 51.354-68.34 51.354-108.506v-416zM192 832h640v128h-640z"
				],
				"tags": [
					"underline",
					"wysiwyg"
				],
				"grid": 16
			},
			"properties": {
				"id": 325,
				"order": 3,
				"prevSize": 32,
				"code": 58892,
				"name": "underline",
				"ligatures": ""
			},
			"setIdx": 0,
			"iconIdx": 325
		},
		{
			"icon": {
				"paths": [
					"M1024 512v64h-234.506c27.504 38.51 42.506 82.692 42.506 128 0 70.878-36.66 139.026-100.58 186.964-59.358 44.518-137.284 69.036-219.42 69.036-82.138 0-160.062-24.518-219.42-69.036-63.92-47.938-100.58-116.086-100.58-186.964h128c0 69.382 87.926 128 192 128 104.074 0 192-58.618 192-128 0-69.382-87.926-128-192-128h-512v-64h299.518c-2.338-1.654-4.656-3.324-6.938-5.036-63.92-47.94-100.58-116.086-100.58-186.964 0-70.878 36.66-139.024 100.58-186.964 59.358-44.518 137.282-69.036 219.42-69.036 82.136 0 160.062 24.518 219.42 69.036 63.92 47.94 100.58 116.086 100.58 186.964h-128c0-69.382-87.926-128-192-128-104.074 0-192 58.618-192 128 0 69.382 87.926 128 192 128 78.978 0 154.054 22.678 212.482 64h299.518z"
				],
				"tags": [
					"strikethrough",
					"wysiwyg"
				],
				"grid": 16
			},
			"properties": {
				"id": 327,
				"order": 4,
				"prevSize": 32,
				"code": 58894,
				"name": "strikethrough",
				"ligatures": ""
			},
			"setIdx": 0,
			"iconIdx": 327
		},
		{
			"icon": {
				"paths": [
					"M896 768h128l-160 192-160-192h128v-512h-128l160-192 160 192h-128zM640 64v256l-64-128h-192v704h128v64h-384v-64h128v-704h-192l-64 128v-256z"
				],
				"tags": [
					"text-height",
					"wysiwyg"
				],
				"grid": 16
			},
			"properties": {
				"id": 322,
				"order": 5,
				"prevSize": 32,
				"code": 58890,
				"name": "text-height",
				"ligatures": ""
			},
			"setIdx": 0,
			"iconIdx": 322
		},
		{
			"icon": {
				"paths": [
					"M384 0h512v128h-128v896h-128v-896h-128v896h-128v-512c-141.384 0-256-114.616-256-256s114.616-256 256-256z"
				],
				"tags": [
					"pilcrow",
					"wysiwyg"
				],
				"grid": 16
			},
			"properties": {
				"id": 333,
				"order": 6,
				"prevSize": 32,
				"code": 58895,
				"name": "pilcrow",
				"ligatures": ""
			},
			"setIdx": 0,
			"iconIdx": 333
		},
		{
			"icon": {
				"paths": [
					"M0 192h1024v64h-1024zM0 320h704v64h-704zM0 448h1024v64h-1024zM0 576h704v64h-704zM0 704h1024v64h-1024zM0 832h704v64h-704z"
				],
				"tags": [
					"paragraph-left",
					"align left",
					"left",
					"wysiwyg"
				],
				"grid": 16
			},
			"properties": {
				"id": 336,
				"order": 7,
				"prevSize": 32,
				"code": 58896,
				"name": "paragraph-left",
				"ligatures": ""
			},
			"setIdx": 0,
			"iconIdx": 336
		},
		{
			"icon": {
				"paths": [
					"M0 192h1024v64h-1024zM192 320h640v64h-640zM192 576h640v64h-640zM192 832h640v64h-640zM0 448h1024v64h-1024zM0 704h1024v64h-1024z"
				],
				"tags": [
					"paragraph-center",
					"align center",
					"center",
					"wysiwyg"
				],
				"grid": 16
			},
			"properties": {
				"id": 337,
				"order": 8,
				"prevSize": 32,
				"code": 58897,
				"name": "paragraph-center",
				"ligatures": ""
			},
			"setIdx": 0,
			"iconIdx": 337
		},
		{
			"icon": {
				"paths": [
					"M0 192h1024v64h-1024zM320 320h704v64h-704zM0 448h1024v64h-1024zM320 576h704v64h-704zM0 704h1024v64h-1024zM320 832h704v64h-704z"
				],
				"tags": [
					"paragraph-right",
					"align right",
					"right",
					"wysiwyg"
				],
				"grid": 16
			},
			"properties": {
				"id": 338,
				"order": 9,
				"prevSize": 32,
				"code": 58898,
				"name": "paragraph-right",
				"ligatures": ""
			},
			"setIdx": 0,
			"iconIdx": 338
		},
		{
			"icon": {
				"paths": [
					"M0 320h1024v64h-1024zM0 576h1024v64h-1024zM0 832h1024v64h-1024zM0 192h1024v64h-1024zM0 448h1024v64h-1024zM0 704h1024v64h-1024z"
				],
				"tags": [
					"paragraph-justify",
					"wysiwyg",
					"justify"
				],
				"grid": 16
			},
			"properties": {
				"id": 339,
				"order": 10,
				"prevSize": 32,
				"code": 58899,
				"name": "paragraph-justify",
				"ligatures": ""
			},
			"setIdx": 0,
			"iconIdx": 339
		},
		{
			"icon": {
				"paths": [
					"M384 832h640v128h-640zM384 448h640v128h-640zM384 64h640v128h-640zM192 0v256h-64v-192h-64v-64zM128 526v50h128v64h-192v-146l128-60v-50h-128v-64h192v146zM256 704v320h-192v-64h128v-64h-128v-64h128v-64h-128v-64z"
				],
				"tags": [
					"numbered-list",
					"list",
					"items",
					"nl"
				],
				"grid": 16
			},
			"properties": {
				"id": 182,
				"order": 11,
				"prevSize": 32,
				"code": 58887,
				"name": "numbered-list",
				"ligatures": ""
			},
			"setIdx": 0,
			"iconIdx": 182
		},
		{
			"icon": {
				"paths": [
					"M384 64h640v128h-640v-128zM384 448h640v128h-640v-128zM384 832h640v128h-640v-128zM0 128c0-70.692 57.308-128 128-128 70.692 0 128 57.308 128 128 0 70.692-57.308 128-128 128-70.692 0-128-57.308-128-128zM0 512c0-70.692 57.308-128 128-128 70.692 0 128 57.308 128 128 0 70.692-57.308 128-128 128-70.692 0-128-57.308-128-128zM0 896c0-70.692 57.308-128 128-128 70.692 0 128 57.308 128 128 0 70.692-57.308 128-128 128-70.692 0-128-57.308-128-128z"
				],
				"tags": [
					"list",
					"bullet",
					"ul",
					"todo",
					"menu"
				],
				"grid": 16
			},
			"properties": {
				"id": 181,
				"order": 12,
				"prevSize": 32,
				"code": 58886,
				"name": "list",
				"ligatures": ""
			},
			"setIdx": 0,
			"iconIdx": 181
		},
		{
			"icon": {
				"paths": [
					"M0 64h1024v128h-1024zM384 256h640v128h-640zM384 448h640v128h-640zM384 640h640v128h-640zM0 832h1024v128h-1024zM256 320v384l-256-192z"
				],
				"tags": [
					"indent-decrease",
					"wysiwyg"
				],
				"grid": 16
			},
			"properties": {
				"id": 345,
				"order": 13,
				"prevSize": 32,
				"code": 58901,
				"name": "indent-decrease",
				"ligatures": ""
			},
			"setIdx": 0,
			"iconIdx": 345
		},
		{
			"icon": {
				"paths": [
					"M0 64h1024v128h-1024zM384 256h640v128h-640zM384 448h640v128h-640zM384 640h640v128h-640zM0 832h1024v128h-1024zM0 704v-384l256 192z"
				],
				"tags": [
					"indent-increase",
					"wysiwyg"
				],
				"grid": 16
			},
			"properties": {
				"id": 344,
				"order": 14,
				"prevSize": 32,
				"code": 58900,
				"name": "indent-increase",
				"ligatures": ""
			},
			"setIdx": 0,
			"iconIdx": 344
		},
		{
			"icon": {
				"paths": [
					"M953.396 74.642l-4.028-4.042c-94.148-94.134-248.194-94.134-342.326 0l-218.106 218.136c-94.134 94.132-94.134 248.176 0 342.31l4.026 4.026c7.832 7.848 16.146 14.924 24.736 21.458l79.848-79.85c-9.302-5.494-18.126-12.072-26.116-20.060l-4.042-4.042c-51.114-51.098-51.114-134.272 0-185.39l218.128-218.112c51.116-51.118 134.274-51.118 185.386 0l4.042 4.024c51.1 51.116 51.1 134.292 0 185.39l-98.686 98.686c17.132 42.308 25.248 87.4 24.538 132.386l152.604-152.604c94.134-94.136 94.134-248.178-0.004-342.316zM631.042 388.934c-7.832-7.832-16.146-14.922-24.736-21.44l-79.848 79.832c9.304 5.496 18.126 12.074 26.116 20.062l4.042 4.040c51.116 51.116 51.116 134.272 0 185.388l-218.13 218.134c-51.118 51.102-134.276 51.102-185.388 0l-4.042-4.042c-51.098-51.12-51.098-134.276 0-185.388l98.688-98.686c-17.134-42.306-25.246-87.402-24.538-132.386l-152.602 152.598c-94.136 94.132-94.136 248.178 0 342.324l4.026 4.032c94.152 94.128 248.192 94.128 342.328 0l218.11-218.118c94.134-94.132 94.134-248.194 0-342.326l-4.026-4.024z"
				],
				"tags": [
					"link",
					"chain",
					"url",
					"uri",
					"anchor"
				],
				"grid": 16
			},
			"properties": {
				"id": 195,
				"order": 15,
				"prevSize": 32,
				"code": 58888,
				"name": "link",
				"ligatures": ""
			},
			"setIdx": 0,
			"iconIdx": 195
		},
		{
			"icon": {
				"paths": [
					"M0 128v832h1024v-832h-1024zM960 896h-896v-704h896v704zM704 352c0-53.019 42.981-96 96-96s96 42.981 96 96c0 53.019-42.981 96-96 96-53.019 0-96-42.981-96-96zM896 832h-768l192-512 256 320 128-96z"
				],
				"tags": [
					"image",
					"picture",
					"photo",
					"graphic"
				],
				"grid": 16
			},
			"properties": {
				"id": 13,
				"order": 16,
				"prevSize": 32,
				"code": 58881,
				"name": "image",
				"ligatures": ""
			},
			"setIdx": 0,
			"iconIdx": 13
		},
		{
			"icon": {
				"paths": [
					"M0 128v768h1024v-768h-1024zM192 832h-128v-128h128v128zM192 576h-128v-128h128v128zM192 320h-128v-128h128v128zM768 832h-512v-640h512v640zM960 832h-128v-128h128v128zM960 576h-128v-128h128v128zM960 320h-128v-128h128v128zM384 320v384l256-192z"
				],
				"tags": [
					"film",
					"video",
					"movie",
					"tape",
					"play"
				],
				"grid": 16
			},
			"properties": {
				"id": 19,
				"order": 17,
				"prevSize": 32,
				"code": 58882,
				"name": "film",
				"ligatures": ""
			},
			"setIdx": 0,
			"iconIdx": 19
		},
		{
			"icon": {
				"paths": [
					"M512 64c-141.384 0-269.376 57.32-362.032 149.978l-149.968-149.978v384h384l-143.532-143.522c69.496-69.492 165.492-112.478 271.532-112.478 212.068 0 384 171.924 384 384 0 114.696-50.292 217.636-130.018 288l84.666 96c106.302-93.816 173.352-231.076 173.352-384 0-282.77-229.23-512-512-512z"
				],
				"tags": [
					"undo",
					"arrow",
					"left"
				],
				"grid": 16
			},
			"properties": {
				"id": 98,
				"order": 18,
				"prevSize": 32,
				"code": 58883,
				"name": "undo",
				"ligatures": ""
			},
			"setIdx": 0,
			"iconIdx": 98
		},
		{
			"icon": {
				"paths": [
					"M0 576c0 152.924 67.048 290.184 173.35 384l84.666-96c-79.726-70.364-130.016-173.304-130.016-288 0-212.076 171.93-384 384-384 106.042 0 202.038 42.986 271.53 112.478l-143.53 143.522h384v-384l-149.97 149.978c-92.654-92.658-220.644-149.978-362.030-149.978-282.77 0-512 229.23-512 512z"
				],
				"tags": [
					"redo",
					"arrow",
					"right"
				],
				"grid": 16
			},
			"properties": {
				"id": 99,
				"order": 19,
				"prevSize": 32,
				"code": 58884,
				"name": "redo",
				"ligatures": ""
			},
			"setIdx": 0,
			"iconIdx": 99
		},
		{
			"icon": {
				"paths": [
					"M704 192h-704v128h704v192l256-256-256-256zM960 0v256 256h64v-512zM320 512l-256 256 256 256v-192h704v-128h-704zM0 512v512h64v-256-256z"
				],
				"tags": [
					"tab",
					"arrows"
				],
				"grid": 16
			},
			"properties": {
				"id": 311,
				"order": 20,
				"prevSize": 32,
				"code": 58889,
				"name": "tab",
				"ligatures": ""
			},
			"setIdx": 0,
			"iconIdx": 311
		},
		{
			"icon": {
				"paths": [
					"M800 128h-576c-53.020 0-96 42.98-96 96v32h768v-32c0-53.020-42.98-96-96-96zM632.32 64l14.116 101h-268.872l14.114-101h240.642M640 0h-256c-26.4 0-50.99 21.392-54.642 47.538l-18.714 133.924c-3.654 26.146 14.956 47.538 41.356 47.538h320c26.4 0 45.010-21.392 41.358-47.538l-18.714-133.924c-3.654-26.146-28.244-47.538-54.644-47.538v0zM816 320h-608c-35.2 0-61.392 28.682-58.206 63.738l52.412 576.526c3.186 35.054 34.594 63.736 69.794 63.736h480c35.2 0 66.608-28.682 69.794-63.736l52.41-576.526c3.188-35.056-23.004-63.738-58.204-63.738zM384 896h-96l-32-448h128v448zM576 896h-128v-448h128v448zM736 896h-96v-448h128l-32 448z"
				],
				"tags": [
					"remove",
					"delete",
					"trashcan",
					"recycle bin",
					"bin",
					"dispose"
				],
				"grid": 16
			},
			"properties": {
				"id": 168,
				"order": 21,
				"prevSize": 32,
				"code": 58885,
				"name": "remove",
				"ligatures": ""
			},
			"setIdx": 0,
			"iconIdx": 168
		},
		{
			"icon": {
				"paths": [
					"M128 512l256-256h-128l-256 256 256 256h128zM768 256h-128l256 256-256 256h128l256-256zM544 128l-160 768h96l160-768z"
				],
				"tags": [
					"code",
					"embed"
				],
				"grid": 16
			},
			"properties": {
				"id": 348,
				"order": 22,
				"prevSize": 32,
				"code": 58902,
				"name": "code",
				"ligatures": ""
			},
			"setIdx": 0,
			"iconIdx": 348
		},
		{
			"icon": {
				"paths": [
					"M575.87 1024h-191.87v-512h-128v-176.45l128-0.058-0.208-103.952c0-143.952 39.034-231.54 208.598-231.54h141.176v176.484h-88.23c-66.032 0-69.206 24.656-69.206 70.684l-0.262 88.324h158.69l-18.704 176.45-139.854 0.058-0.13 512z"
				],
				"tags": [
					"facebook",
					"social"
				],
				"grid": 16
			},
			"properties": {
				"id": 361,
				"order": 23,
				"prevSize": 32,
				"code": 58904,
				"name": "facebook",
				"ligatures": ""
			},
			"setIdx": 0,
			"iconIdx": 361
		},
		{
			"icon": {
				"paths": [
					"M1024 194.418c-37.676 16.708-78.164 28.002-120.66 33.080 43.372-26 76.686-67.17 92.372-116.23-40.596 24.078-85.556 41.56-133.41 50.98-38.32-40.83-92.922-66.34-153.346-66.34-116.022 0-210.088 94.058-210.088 210.078 0 16.466 1.858 32.5 5.44 47.878-174.6-8.764-329.402-92.4-433.018-219.506-18.084 31.028-28.446 67.116-28.446 105.618 0 72.888 37.088 137.192 93.46 174.866-34.438-1.092-66.832-10.542-95.154-26.278-0.020 0.876-0.020 1.756-0.020 2.642 0 101.788 72.418 186.696 168.522 206-17.626 4.8-36.188 7.372-55.348 7.372-13.538 0-26.698-1.32-39.528-3.772 26.736 83.46 104.32 144.206 196.252 145.896-71.9 56.35-162.486 89.934-260.916 89.934-16.958 0-33.68-0.994-50.116-2.94 92.972 59.61 203.402 94.394 322.042 94.394 386.422 0 597.736-320.124 597.736-597.744 0-9.108-0.206-18.168-0.61-27.18 41.056-29.62 76.672-66.62 104.836-108.748z"
				],
				"tags": [
					"twitter",
					"tweet",
					"social"
				],
				"grid": 16
			},
			"properties": {
				"id": 365,
				"order": 24,
				"prevSize": 32,
				"code": 58905,
				"name": "twitter",
				"ligatures": ""
			},
			"setIdx": 0,
			"iconIdx": 365
		},
		{
			"icon": {
				"paths": [
					"M136.294 750.93c-75.196 0-136.292 61.334-136.292 136.076 0 75.154 61.1 135.802 136.292 135.802 75.466 0 136.494-60.648 136.494-135.802-0.002-74.742-61.024-136.076-136.494-136.076zM0.156 347.93v196.258c127.784 0 247.958 49.972 338.458 140.512 90.384 90.318 140.282 211.036 140.282 339.3h197.122c-0.002-372.82-303.282-676.070-675.862-676.070zM0.388 0v196.356c455.782 0 826.756 371.334 826.756 827.644h196.856c0-564.47-459.254-1024-1023.612-1024z"
				],
				"tags": [
					"feed",
					"rss",
					"social"
				],
				"grid": 16
			},
			"properties": {
				"id": 368,
				"order": 25,
				"prevSize": 32,
				"code": 58906,
				"name": "feed",
				"ligatures": ""
			},
			"setIdx": 0,
			"iconIdx": 368
		},
		{
			"icon": {
				"paths": [
					"M559.066 64c0 0-200.956 0-267.94 0-120.12 0-233.17 91.006-233.17 196.422 0 107.726 81.882 194.666 204.088 194.666 8.498 0 16.756-0.17 24.842-0.752-7.93 15.186-13.602 32.288-13.602 50.042 0 29.938 16.104 54.21 36.468 74.024-15.386 0-30.242 0.448-46.452 0.448-148.782-0.002-263.3 94.758-263.3 193.020 0 96.778 125.542 157.314 274.334 157.314 169.624 0 263.306-96.244 263.306-193.028 0-77.6-22.896-124.072-93.686-174.134-24.216-17.144-70.53-58.836-70.53-83.344 0-28.72 8.196-42.868 51.428-76.646 44.312-34.624 75.672-83.302 75.672-139.916 0-67.406-30.020-133.098-86.372-154.772h84.954l59.96-43.344zM465.48 719.458c2.126 8.972 3.284 18.206 3.284 27.628 0 78.2-50.392 139.31-194.974 139.31-102.842 0-177.116-65.104-177.116-143.3 0-76.642 92.126-140.444 194.964-139.332 24 0.254 46.368 4.116 66.67 10.69 55.826 38.826 95.876 60.762 107.172 105.004zM300.818 427.776c-69.038-2.064-134.636-77.226-146.552-167.86-11.916-90.666 34.37-160.042 103.388-157.99 69.010 2.074 134.638 74.814 146.558 165.458 11.906 90.66-34.39 162.458-103.394 160.392zM832 256v-192h-64v192h-192v64h192v192h64v-192h192v-64z"
				],
				"tags": [
					"google plus",
					"social"
				],
				"grid": 16
			},
			"properties": {
				"id": 356,
				"order": 26,
				"prevSize": 32,
				"code": 58903,
				"name": "googleplus",
				"ligatures": ""
			},
			"setIdx": 0,
			"iconIdx": 356
		},
		{
			"icon": {
				"paths": [
					"M832 128h-640c-105.6 0-192 86.4-192 192v384c0 105.6 86.4 192 192 192h640c105.6 0 192-86.4 192-192v-384c0-105.6-86.4-192-192-192zM384 768v-512l320 256-320 256z"
				],
				"tags": [
					"youtube",
					"social"
				],
				"grid": 16
			},
			"properties": {
				"id": 371,
				"order": 27,
				"prevSize": 32,
				"code": 58907,
				"name": "youtube",
				"ligatures": ""
			},
			"setIdx": 0,
			"iconIdx": 371
		},
		{
			"icon": {
				"paths": [
					"M800 416c-70.58 0-128 57.42-128 128s57.42 128 128 128c70.58 0 128-57.42 128-128 0-70.58-57.42-128-128-128zM800 320v0c123.71 0 224 100.288 224 224 0 123.71-100.29 224-224 224-123.71 0-224-100.29-224-224 0-123.712 100.29-224 224-224zM0 544c0-123.712 100.288-224 224-224s224 100.288 224 224c0 123.712-100.288 224-224 224-123.712 0-224-100.288-224-224z"
				],
				"tags": [
					"flickr",
					"social"
				],
				"grid": 16
			},
			"properties": {
				"id": 378,
				"order": 28,
				"prevSize": 32,
				"code": 58908,
				"name": "flickr",
				"ligatures": ""
			},
			"setIdx": 0,
			"iconIdx": 378
		},
		{
			"icon": {
				"paths": [
					"M512 0c-282.77 0-512 229.23-512 512s229.23 512 512 512 512-229.23 512-512-229.23-512-512-512zM816.056 816.056c-39.518 39.516-85.512 70.532-136.708 92.186-13.006 5.5-26.214 10.328-39.6 14.492v-76.734c0-40.334-13.834-70-41.5-89 17.334-1.666 33.25-4 47.75-7s29.834-7.334 46-13 30.666-12.416 43.5-20.25 25.166-18 37-30.5 21.75-26.666 29.75-42.5 14.334-34.834 19-57 7-46.584 7-73.25c0-51.666-16.834-95.666-50.5-132 15.334-40 13.666-83.5-5-130.5l-12.5-1.5c-8.666-1-24.25 2.666-46.75 11s-47.75 22-75.75 41c-39.666-11-80.834-16.5-123.5-16.5-43 0-84 5.5-123 16.5-17.666-12-34.416-21.916-50.25-29.75-15.834-7.834-28.5-13.166-38-16s-18.334-4.584-26.5-5.25-13.416-0.834-15.75-0.5-4 0.666-5 1c-18.666 47.334-20.334 90.834-5 130.5-33.666 36.334-50.5 80.334-50.5 132 0 26.666 2.334 51.084 7 73.25s11 41.166 19 57 17.916 30 29.75 42.5 24.166 22.666 37 30.5 27.334 14.584 43.5 20.25 31.5 10 46 13 30.416 5.334 47.75 7c-27.334 18.666-41 48.334-41 89v78.23c-15.098-4.494-29.98-9.804-44.6-15.988-51.194-21.654-97.188-52.67-136.706-92.186-39.516-39.518-70.534-85.512-92.186-136.708-22.398-52.958-33.756-109.262-33.756-167.348s11.358-114.39 33.758-167.35c21.654-51.194 52.67-97.188 92.186-136.706s85.512-70.534 136.706-92.186c52.96-22.4 109.264-33.758 167.35-33.758s114.39 11.358 167.35 33.758c51.196 21.654 97.19 52.67 136.708 92.186 39.516 39.516 70.532 85.512 92.186 136.706 22.398 52.96 33.756 109.264 33.756 167.35s-11.358 114.39-33.758 167.35c-21.654 51.194-52.67 97.19-92.186 136.706z"
				],
				"tags": [
					"github",
					"octacat",
					"social"
				],
				"grid": 16
			},
			"properties": {
				"id": 394,
				"order": 29,
				"prevSize": 32,
				"code": 58910,
				"name": "github2",
				"ligatures": ""
			},
			"setIdx": 0,
			"iconIdx": 394
		},
		{
			"icon": {
				"paths": [
					"M512.002 1024c-282.32 0-512.002-229.682-512.002-512s229.682-512 512.002-512c282.322 0 511.998 229.682 511.998 512s-229.676 512-511.998 512zM943.798 582.086c-14.962-4.72-135.364-40.632-272.41-18.698 57.204 157.186 80.478 285.208 84.958 311.808 98.114-66.336 167.958-171.426 187.452-293.11zM682.832 915.238c-6.506-38.37-31.898-172.090-93.298-331.64-0.96 0.328-1.922 0.64-2.88 0.972-246.67 85.958-335.216 257.016-343.086 273.104 74.15 57.824 167.336 92.32 268.436 92.32 60.58 0 118.318-12.39 170.828-34.756zM187.098 805.078c9.908-16.96 129.93-215.684 355.476-288.594 5.704-1.84 11.448-3.57 17.236-5.2-10.98-24.844-22.94-49.714-35.456-74.216-218.398 65.36-430.324 62.63-449.46 62.236-0.132 4.442-0.222 8.89-0.222 13.366-0 112.32 42.58 214.874 112.426 292.408zM83.912 423.096c19.558 0.26 199.736 1.042 404.302-53.282-72.46-128.812-150.612-237.11-162.142-252.92-122.348 57.708-213.802 170.496-242.16 306.202zM409.518 87.5c12.088 16.184 91.518 124.348 163.18 256.014 155.508-58.284 221.34-146.77 229.208-157.974-77.23-68.518-178.782-110.2-289.902-110.2-35.29 0-69.6 4.232-102.486 12.16zM850.522 236.112c-9.216 12.474-82.504 106.418-244.202 172.434 10.178 20.832 19.934 42.018 29.016 63.344 3.216 7.56 6.354 15.084 9.418 22.57 145.518-18.298 290.104 11.028 304.526 14.078-0.968-103.224-37.85-198.010-98.758-272.426z"
				],
				"tags": [
					"dribbble",
					"social"
				],
				"grid": 16
			},
			"properties": {
				"id": 383,
				"order": 30,
				"prevSize": 32,
				"code": 58909,
				"name": "dribbble",
				"ligatures": ""
			},
			"setIdx": 0,
			"iconIdx": 383
		},
		{
			"icon": {
				"paths": [
					"M852 0h-680c-94.6 0-172 77.4-172 172v680c0 94.6 77.4 172 172 172h680c94.6 0 172-77.4 172-172v-680c0-94.6-77.4-172-172-172zM384 832h-128v-448h128v448zM320 320c-35.346 0-64-28.654-64-64s28.654-64 64-64 64 28.654 64 64-28.654 64-64 64zM832 832h-128v-256c0-35.346-28.654-64-64-64s-64 28.654-64 64v256h-128v-448h128v79.472c26.398-36.264 66.752-79.472 112-79.472 79.53 0 144 71.634 144 160v288z"
				],
				"tags": [
					"linkedin",
					"social"
				],
				"grid": 16
			},
			"properties": {
				"id": 415,
				"order": 31,
				"prevSize": 32,
				"code": 58912,
				"name": "linkedin",
				"ligatures": ""
			},
			"setIdx": 0,
			"iconIdx": 415
		},
		{
			"icon": {
				"paths": [
					"M975.31 577.938c2.812-20.8 4.43-41.946 4.43-63.472 0-258.31-210.542-467.744-470.206-467.744-25.808 0-51.11 2.12-75.732 6.16-44.144-28.768-96.684-45.534-153.224-45.534-155.046 0-280.578 125.616-280.578 280.612 0 56.396 16.598 108.788 45.18 152.778-3.85 24.034-5.818 48.646-5.818 73.718 0 258.352 210.434 467.764 470.17 467.764 29.314 0 57.854-2.854 85.592-7.866 43.1 26.738 93.868 42.296 148.292 42.296 155.004 0.002 280.584-125.646 280.584-280.626-0.006-58.586-17.92-113.056-48.69-158.086zM553.48 859.192c-149.41 7.784-219.328-25.274-283.378-85.382-71.53-67.134-42.796-143.708 15.48-147.602 58.244-3.888 93.214 66.026 124.3 85.472 31.048 19.376 149.188 63.52 211.588-7.816 67.952-77.656-45.188-117.84-128.118-130.004-118.406-17.532-267.9-81.584-256.27-207.814 11.632-126.148 107.164-190.828 207.7-199.952 128.154-11.634 211.582 19.414 277.57 75.72 76.3 65.058 35.016 137.788-13.598 143.64-48.424 5.818-102.808-107.008-209.582-108.704-110.054-1.728-184.434 114.522-48.572 147.568 135.932 33.010 281.5 46.572 333.922 170.834 52.458 124.274-81.508 256.25-231.042 264.040z"
				],
				"tags": [
					"skype",
					"social"
				],
				"grid": 16
			},
			"properties": {
				"id": 413,
				"order": 32,
				"prevSize": 32,
				"code": 58911,
				"name": "skype",
				"ligatures": ""
			},
			"setIdx": 0,
			"iconIdx": 413
		},
		{
			"icon": {
				"paths": [
					"M60.538 0l82.144 921.63 368.756 102.37 369.724-102.524 82.3-921.476h-902.924zM784.63 301.428h-432.54l10.302 115.75h411.968l-31.042 347.010-231.844 64.254-231.572-64.254-15.83-177.512h113.494l8.048 90.232 125.862 33.916 0.278-0.078 125.934-33.992 13.070-146.55h-391.74l-30.494-341.8h566.214l-10.108 113.024z"
				],
				"tags": [
					"html5",
					"w3c"
				],
				"grid": 16
			},
			"properties": {
				"id": 442,
				"order": 33,
				"prevSize": 32,
				"code": 58913,
				"name": "html5",
				"ligatures": ""
			},
			"setIdx": 0,
			"iconIdx": 442
		},
		{
			"icon": {
				"paths": [
					"M152.388 48.522l-34.36 171.926h699.748l-21.884 111.054h-700.188l-33.892 171.898h699.684l-39.018 196.064-282.012 93.422-244.4-93.422 16.728-85.042h-171.898l-40.896 206.352 404.226 154.704 466.006-154.704 153.768-772.252z"
				],
				"tags": [
					"css3",
					"w3c"
				],
				"grid": 16
			},
			"properties": {
				"id": 444,
				"order": 34,
				"prevSize": 32,
				"code": 58914,
				"name": "css3",
				"ligatures": ""
			},
			"setIdx": 0,
			"iconIdx": 444
		},
		{
			"icon": {
				"paths": [
					"M258.278 446.542l-146.532-253.802c93.818-117.464 238.234-192.74 400.254-192.74 187.432 0 351.31 100.736 440.532 251h-417.77c-7.504-0.65-15.092-1-22.762-1-121.874 0-224.578 83.644-253.722 196.542zM695.306 325h293.46c22.74 57.93 35.234 121.004 35.234 187 0 280.826-226.1 508.804-506.186 511.926l209.394-362.678c29.48-42.378 46.792-93.826 46.792-149.248 0-73.17-30.164-139.42-78.694-187zM326 512c0-102.56 83.44-186 186-186s186 83.44 186 186c0 102.56-83.44 186-186 186-102.56 0-186-83.44-186-186zM582.182 764.442l-146.578 253.878c-246.532-36.884-435.604-249.516-435.604-506.32 0-91.218 23.884-176.846 65.696-251.024l209.030 362.054c41.868 89.112 132.476 150.97 237.274 150.97 24.3 0 47.836-3.34 70.182-9.558z"
				],
				"tags": [
					"chrome",
					"browser",
					"internet"
				],
				"grid": 16
			},
			"properties": {
				"id": 445,
				"order": 35,
				"prevSize": 32,
				"code": 58915,
				"name": "chrome",
				"ligatures": ""
			},
			"setIdx": 0,
			"iconIdx": 445
		},
		{
			"icon": {
				"paths": [
					"M1022.526 334.14l-11.86 76.080c0 0-16.954-140.856-37.732-193.514-31.846-80.688-46.014-80.040-46.108-79.922 21.33 54.204 17.462 83.324 17.462 83.324s-37.792-102.998-137.712-135.768c-110.686-36.282-170.57-26.364-177.488-24.486-1.050-0.008-2.064-0.010-3.030-0.010 0.818 0.062 1.612 0.146 2.426 0.212-0.034 0.020-0.090 0.042-0.082 0.052 0.45 0.548 122.306 21.302 143.916 50.996 0 0-51.76 0-103.272 14.842-2.328 0.666 189.524 23.964 228.746 215.674 0 0-21.030-43.876-47.040-51.328 17.106 52.036 12.714 150.776-3.576 199.85-2.096 6.312-4.24-27.282-36.328-41.75 10.28 73.646-0.616 190.456-51.708 222.632-3.982 2.504 32.030-115.31 7.242-69.762-142.708 218.802-311.404 100.972-387.248 49.11 38.866 8.462 112.654-1.318 145.314-25.612 0.042-0.030 0.078-0.056 0.118-0.086 35.468-24.252 56.472-41.964 75.334-37.772 18.874 4.214 31.438-14.726 16.78-31.53-14.676-16.838-50.314-39.978-98.524-27.366-34 8.904-76.134 46.522-140.448 8.432-49.364-29.25-54.012-53.546-54.45-70.376 1.218-5.966 2.754-11.536 4.576-16.624 5.682-15.87 22.912-20.658 32.494-24.438 16.256 2.792 30.262 7.862 44.968 15.406 0.19-4.894 0.252-11.39-0.018-18.76 1.41-2.802 0.538-11.252-1.722-21.58-1.302-10.308-3.42-20.974-6.752-30.692 0.012-0.002 0.020-0.010 0.030-0.014 0.056-0.018 0.108-0.040 0.156-0.070 0.078-0.044 0.146-0.112 0.208-0.19 0.012-0.020 0.030-0.034 0.044-0.052 0.082-0.124 0.154-0.272 0.198-0.466 1.020-4.618 12.022-13.524 25.718-23.1 12.272-8.58 26.702-17.696 38.068-24.752 10.060-6.248 17.72-10.882 19.346-12.098 0.618-0.466 1.358-1.012 2.164-1.636 0.15-0.116 0.3-0.232 0.454-0.354 0.094-0.074 0.19-0.148 0.286-0.226 5.41-4.308 13.484-12.448 15.178-29.578 0.004-0.042 0.010-0.080 0.012-0.122 0.050-0.504 0.092-1.014 0.13-1.534 0.028-0.362 0.050-0.726 0.072-1.096 0.014-0.284 0.032-0.566 0.044-0.856 0.030-0.674 0.050-1.364 0.060-2.064 0-0.040 0.002-0.076 0.004-0.116 0.022-1.658-0.006-3.386-0.104-5.202-0.054-1.014-0.126-1.93-0.298-2.762-0.008-0.044-0.018-0.092-0.028-0.136-0.018-0.082-0.036-0.164-0.058-0.244-0.036-0.146-0.076-0.292-0.122-0.43-0.006-0.018-0.010-0.032-0.016-0.046-0.052-0.16-0.112-0.314-0.174-0.464-0.004-0.006-0.004-0.010-0.006-0.016-1.754-4.108-8.32-5.658-35.442-6.118-0.026-0.002-0.050-0.002-0.076-0.002v0c-11.066-0.188-25.538-0.194-44.502-0.118-33.25 0.134-51.628-32.504-57.494-45.132 8.040-44.46 31.276-76.142 69.45-97.626 0.722-0.406 0.58-0.742-0.274-0.978 7.464-4.514-90.246-0.124-135.186 57.036-39.888-9.914-74.654-9.246-104.616-2.214-5.754-0.162-12.924-0.88-21.434-2.652-19.924-18.056-48.448-51.402-49.976-91.208 0 0-0.092 0.072-0.252 0.204-0.020-0.382-0.056-0.76-0.072-1.142 0 0-60.716 46.664-51.628 173.882-0.022 2.036-0.064 3.986-0.12 5.874-16.432 22.288-24.586 41.020-25.192 45.156-14.56 29.644-29.334 74.254-41.356 141.98 0 0 8.408-26.666 25.284-56.866-12.412 38.022-22.164 97.156-16.436 185.856 0 0 1.514-19.666 6.874-47.994 4.186 55.010 22.518 122.924 68.858 202.788 88.948 153.32 225.67 230.74 376.792 242.616 26.836 2.212 54.050 2.264 81.424 0.186 2.516-0.178 5.032-0.364 7.55-0.574 30.964-2.174 62.134-6.852 93.238-14.366 425.172-102.798 378.942-616.198 378.942-616.198z"
				],
				"tags": [
					"firefox",
					"browser",
					"internet"
				],
				"grid": 16
			},
			"properties": {
				"id": 446,
				"order": 36,
				"prevSize": 32,
				"code": 58916,
				"name": "firefox",
				"ligatures": ""
			},
			"setIdx": 0,
			"iconIdx": 446
		},
		{
			"icon": {
				"paths": [
					"M734.202 628.83h236.050c1.82-16.37 2.548-33.098 2.548-50.196 0-80.224-21.534-155.468-59.124-220.266 38.88-103.308 37.492-190.988-14.556-243.39-49.496-49.28-182.29-41.28-332.412 25.198-11.104-0.84-22.318-1.272-33.638-1.272-206.048 0-378.926 141.794-426.708 332.85 64.638-82.754 132.638-142.754 223.478-186.448-8.26 7.74-56.454 55.652-64.56 63.764-239.548 239.478-315.090 552.306-233.806 633.604 61.786 61.774 173.758 51.342 302.376-11.648 59.806 30.458 127.5 47.63 199.218 47.63 193.134 0 356.804-124.316 416.090-297.448l-237.868-0c-32.734 60.382-96.748 101.48-170.218 101.48-73.468 0-137.484-41.098-170.216-101.48-14.55-27.274-22.914-58.554-22.914-91.656v-0.722h386.26zM348.302 512.804c5.456-97.11 86.2-174.584 184.766-174.584s179.312 77.472 184.766 174.584l-369.532-0zM896.966 163.808c33.526 33.88 32.688 96.214 4.012 174.022-49.136-74.908-120.518-133.936-204.792-167.64 90.106-38.638 163.406-43.756 200.78-6.382zM93.482 967.256c-42.782-42.796-29.884-132.618 25.23-240.832 34.308 96.27 101.156 177.090 187.336 229.154-95.43 43.318-173.536 50.674-212.566 11.678z"
				],
				"tags": [
					"IE",
					"browser",
					"internet explorer"
				],
				"grid": 16
			},
			"properties": {
				"id": 447,
				"order": 37,
				"prevSize": 32,
				"code": 58917,
				"name": "IE",
				"ligatures": ""
			},
			"setIdx": 0,
			"iconIdx": 447
		},
		{
			"icon": {
				"paths": [
					"M510.046 0c-279.724 0-480.748 202.896-480.748 507.224 0 270.818 195.502 516.776 480.784 516.776 288.078 0 484.62-245.886 484.62-516.776 0-306.76-207.446-507.224-484.656-507.224zM688.358 498.542c-0.068 169.352-9.098 410.482-178.276 410.482v0.034c-166.784 0-173.432-241.266-173.432-410.308 0-198.38 18.56-388.568 173.432-388.568 154.874 0 178.276 192.584 178.276 388.36z"
				],
				"tags": [
					"opera",
					"browser",
					"internet"
				],
				"grid": 16
			},
			"properties": {
				"id": 448,
				"order": 38,
				"prevSize": 32,
				"code": 58918,
				"name": "opera",
				"ligatures": ""
			},
			"setIdx": 0,
			"iconIdx": 448
		},
		{
			"icon": {
				"paths": [
					"M512 64c-24.064 0-47.708 1.792-70.824 5.212-0.3-0.782-0.624-1.548-0.982-2.296 12.826-10.002 19.55-23.83 16.634-37.552-3.734-17.564-22.394-29.364-46.434-29.364-5.18 0-10.458 0.562-15.68 1.672-30.168 6.414-50.146 28.622-45.482 50.562 2.834 13.338 14.292 23.338 30.164 27.384-0.032 0.972-0.016 1.95 0.042 2.934-200.622 57.53-347.438 242.338-347.438 461.448 0 265.098 214.904 480 480 480 265.098 0 480-214.902 480-480 0-265.096-214.902-480-480-480zM364.882 48.908c-2.706-12.726 12.48-27.19 33.158-31.584 4.132-0.878 8.29-1.324 12.354-1.324 16.036 0 28.694 6.864 30.784 16.69 1.596 7.51-3.070 15.61-11.386 21.904-7.034-4.966-16.016-7.126-25.1-5.196-9.044 1.922-16.348 7.508-20.758 14.856-10.184-2.45-17.508-8.084-19.052-15.346zM769.386 801.386c-43.968 43.968-97.21 75.278-155.31 92.154l-42.396-68.768-10.746 79.958c-16.090 2.152-32.426 3.27-48.934 3.27-97.228 0-188.636-37.864-257.386-106.614-43.968-43.966-75.278-97.21-92.154-155.308l68.768-42.398-79.96-10.746c-2.15-16.090-3.268-32.426-3.268-48.934 0-97.228 37.862-188.636 106.614-257.386 43.968-43.968 97.212-75.278 155.31-92.156l42.396 68.77 10.748-79.96c16.088-2.15 32.424-3.268 48.932-3.268 97.228 0 188.636 37.862 257.386 106.614 43.968 43.968 75.278 97.212 92.154 155.31l-68.77 42.398 79.96 10.746c2.152 16.088 3.27 32.424 3.27 48.932 0 97.228-37.864 188.636-106.614 257.386zM760.902 295.098l-196.978 149.704c-14.644-7.658-30.876-12.062-47.416-12.726l-51.080-107.18-3.068 118.664c-13.284 6.536-25.104 15.664-34.876 26.95l-63.088-22.364 46.092 48.538c-6.334 13.518-9.866 28.030-10.434 42.824l-107.158 51.066 118.738 3.068c0.38 0.768 0.774 1.526 1.17 2.282l-149.704 196.98 196.978-149.704c14.644 7.656 30.874 12.060 47.416 12.724l51.080 107.182 3.066-118.664c13.286-6.538 25.106-15.664 34.878-26.952l63.090 22.368-46.094-48.54c6.336-13.52 9.868-28.030 10.436-42.824l107.156-51.066-118.736-3.070c-0.378-0.766-0.774-1.524-1.17-2.28l149.702-196.98zM512.102 444.534v0zM492.042 450.098c6.726-1.43 13.444-2.118 20.056-2.118 4.144 0 8.25 0.27 12.294 0.796l0.092 0.032-0.010-0.022c8.732 1.144 17.176 3.5 25.132 6.896l-71.546 54.376-54.38 71.552c-2.376-5.594-4.27-11.484-5.58-17.652-11.026-51.86 22.080-102.836 73.942-113.86zM562.12 625.884v0 0c-9.056 5.544-19.182 9.684-30.16 12.018-6.726 1.43-13.444 2.118-20.054 2.118-4.15 0-8.258-0.272-12.308-0.798l-0.068-0.010c-8.734-1.142-17.174-3.5-25.132-6.894l71.544-54.376 54.38-71.554c2.376 5.594 4.27 11.486 5.58 17.654 8.69 40.882-10.056 81.2-43.782 101.842z"
				],
				"tags": [
					"safari",
					"browser",
					"internet"
				],
				"grid": 16
			},
			"properties": {
				"id": 449,
				"order": 39,
				"prevSize": 32,
				"code": 58919,
				"name": "safari",
				"ligatures": ""
			},
			"setIdx": 0,
			"iconIdx": 449
		},
		{
			"icon": {
				"paths": [
					"M259.544 511.998c0-65.416 53.030-118.446 118.446-118.446s118.446 53.030 118.446 118.446c0 65.416-53.030 118.446-118.446 118.446-65.416 0-118.446-53.030-118.446-118.446zM512.004 0c-282.774 0-512.004 229.232-512.004 512s229.226 512 512.004 512c282.764 0 511.996-229.23 511.996-512 0-282.768-229.23-512-511.996-512zM379.396 959.282c-153.956-89.574-257.468-256.324-257.468-447.282 0-190.958 103.512-357.708 257.462-447.282 154.010 89.562 257.59 256.288 257.59 447.282 0 190.988-103.58 357.718-257.584 447.282z"
				],
				"tags": [
					"IcoMoon"
				],
				"grid": 16
			},
			"properties": {
				"id": 450,
				"order": 40,
				"prevSize": 32,
				"code": 58920,
				"name": "IcoMoon",
				"ligatures": ""
			},
			"setIdx": 0,
			"iconIdx": 450
		},
		{
			"icon": {
				"paths": [
					"M1024 576v-384h-192v-64c0-35.2-28.8-64-64-64h-704c-35.2 0-64 28.8-64 64v192c0 35.2 28.8 64 64 64h704c35.2 0 64-28.8 64-64v-64h128v256h-576v128h-32c-17.674 0-32 14.326-32 32v320c0 17.674 14.326 32 32 32h128c17.674 0 32-14.326 32-32v-320c0-17.674-14.326-32-32-32h-32v-64h576zM768 192h-704v-64h704v64z"
				],
				"tags": [
					"paint-format",
					"format"
				],
				"grid": 16
			},
			"properties": {
				"id": 11,
				"order": 41,
				"prevSize": 32,
				"code": 58880,
				"name": "paint-format",
				"ligatures": ""
			},
			"setIdx": 0,
			"iconIdx": 11
		},
		{
			"icon": {
				"paths": [
					"M1024 358.156c0 86.362-37.218 164.030-96.49 217.844h0.49l-320 320c-32 32-64 64-96 64s-64-32-96-64l-319.51-320c-59.272-53.814-96.49-131.482-96.49-217.844 0-162.458 131.698-294.156 294.156-294.156 86.362 0 164.030 37.218 217.844 96.49 53.814-59.272 131.482-96.49 217.844-96.49 162.456 0 294.156 131.698 294.156 294.156z"
				],
				"tags": [
					"heart",
					"like",
					"love",
					"favorite"
				],
				"grid": 16
			},
			"properties": {
				"id": 209,
				"order": 42,
				"prevSize": 32,
				"code": 58924,
				"name": "heart",
				"ligatures": ""
			},
			"setIdx": 0,
			"iconIdx": 209
		},
		{
			"icon": {
				"paths": [
					"M1024 358.156c0-162.458-131.7-294.156-294.156-294.156-86.362 0-164.030 37.218-217.844 96.49-53.814-59.272-131.482-96.49-217.844-96.49-162.458 0-294.156 131.698-294.156 294.156 0 86.362 37.218 164.030 96.49 217.844h-0.49l320 320c32 32 64 64 96 64s64-32 96-64l319.51-320c59.272-53.814 96.49-131.482 96.49-217.844zM841.468 481.232l-323.978 324.258c-1.678 1.678-3.532 3.532-5.49 5.48-1.96-1.95-3.814-3.802-5.49-5.48l-323.978-324.256c-35.166-31.928-54.532-75.638-54.532-123.078 0-91.618 74.538-166.156 166.156-166.156 47.44 0 91.15 19.366 123.076 54.532l94.768 104.38 94.768-104.378c31.928-35.168 75.636-54.534 123.076-54.534 91.618 0 166.156 74.538 166.156 166.156 0 47.44-19.368 91.15-54.532 123.076z"
				],
				"tags": [
					"heart",
					"like",
					"love",
					"favorite"
				],
				"grid": 16
			},
			"properties": {
				"id": 210,
				"order": 43,
				"prevSize": 32,
				"code": 58925,
				"name": "heart2",
				"ligatures": ""
			},
			"setIdx": 0,
			"iconIdx": 210
		},
		{
			"icon": {
				"paths": [
					"M1024 397.050l-353.78-51.408-158.22-320.582-158.216 320.582-353.784 51.408 256 249.538-60.432 352.352 316.432-166.358 316.432 166.358-60.434-352.352 256.002-249.538z"
				],
				"tags": [
					"star",
					"rate",
					"favorite",
					"bookmark"
				],
				"grid": 16
			},
			"properties": {
				"id": 208,
				"order": 44,
				"prevSize": 32,
				"code": 58923,
				"name": "star2",
				"ligatures": ""
			},
			"setIdx": 0,
			"iconIdx": 208
		},
		{
			"icon": {
				"paths": [
					"M1024 397.050l-353.78-51.408-158.22-320.582-158.216 320.582-353.784 51.408 256 249.538-60.432 352.352 316.432-166.358 316.432 166.358-60.434-352.352 256.002-249.538zM512 753.498l-223.462 117.48 42.676-248.83-180.786-176.222 249.84-36.304 111.732-226.396 111.736 226.396 249.836 36.304-180.788 176.222 42.678 248.83-223.462-117.48z"
				],
				"tags": [
					"star",
					"rate",
					"favorite",
					"bookmark"
				],
				"grid": 16
			},
			"properties": {
				"id": 206,
				"order": 45,
				"prevSize": 32,
				"code": 58922,
				"name": "star",
				"ligatures": ""
			},
			"setIdx": 0,
			"iconIdx": 206
		},
		{
			"icon": {
				"paths": [
					"M0.806 869.664c-0.244-2.532-0.452-5.070-0.584-7.63 0.13 2.56 0.34 5.098 0.584 7.63zM235.908 565.148c92.010 2.738 153.734-92.698 137.862-213.198-15.894-120.48-103.396-217.168-195.408-219.922-92.026-2.73-153.74 89.482-137.852 210 15.882 120.468 103.352 220.374 195.398 223.12zM1024 256v-85.31c0-93.88-76.782-170.69-170.658-170.69h-682.656c-92.276 0-168.012 74.232-170.564 165.926 58.362-51.386 139.324-94.316 222.874-94.316 89.304 0 357.244 0 357.244 0l-79.948 67.618h-113.268c75.13 28.804 115.156 116.124 115.156 205.722 0 75.248-41.81 139.954-100.888 185.968-57.644 44.902-68.572 63.708-68.572 101.878 0 32.578 61.746 88 94.032 110.788 94.382 66.538 124.916 128.312 124.916 231.456 0 16.428-2.042 32.83-6.066 48.96h307.742c93.874 0 170.656-76.75 170.656-170.69v-533.308h-192v191.998h-64v-192h-191.998v-64h191.998v-192h64v192h192zM185.886 765.936c21.614 0 41.422-0.59 61.936-0.59-27.146-26.334-48.626-58.6-48.626-98.38 0-23.608 7.564-46.336 18.134-66.52-10.782 0.77-21.79 0.994-33.126 0.994-74.356 0-137.506-24.076-184.204-63.854v67.242l0.006 201.73c53.44-25.374 116.888-40.622 185.88-40.622zM3.42 887.258c-1.112-5.458-1.966-11.006-2.542-16.634 0.574 5.628 1.43 11.176 2.542 16.634zM455.45 952.846c-15.058-58.806-68.454-87.964-142.888-139.568-27.072-8.732-56.894-13.874-88.894-14.208-89.618-0.964-173.108 34.942-220.216 88.372 15.92 77.706 85.034 136.558 167.234 136.558h286.444c1.816-11.128 2.696-22.632 2.696-34.432 0-12.534-1.534-24.792-4.376-36.722z"
				],
				"tags": [
					"google plus",
					"social"
				],
				"grid": 16
			},
			"properties": {
				"id": 358,
				"order": 46,
				"prevSize": 32,
				"code": 58926,
				"name": "googleplus2",
				"ligatures": ""
			},
			"setIdx": 0,
			"iconIdx": 358
		},
		{
			"icon": {
				"paths": [
					"M0 556.41c0 46.398 4.34 88.38 13.022 125.934 8.678 37.554 20.696 70.184 36.052 97.892 15.356 27.708 34.884 52.078 58.586 73.108 23.7 21.032 49.406 38.224 77.112 51.576 27.706 13.35 59.336 24.198 94.888 32.546 35.552 8.346 71.856 14.188 108.91 17.528 37.054 3.338 77.78 5.006 122.178 5.006 44.732 0 85.628-1.668 122.68-5.006 37.054-3.34 73.442-9.184 109.16-17.528 35.718-8.344 67.512-19.192 95.388-32.546 27.876-13.354 53.746-30.544 77.616-51.576 23.87-21.030 43.566-45.404 59.086-73.108 15.52-27.704 27.622-60.336 36.302-97.892 8.68-37.556 13.020-79.536 13.020-125.934 0-82.788-27.708-154.394-83.118-214.816 3.004-8.012 5.758-17.108 8.262-27.29 2.504-10.182 4.84-24.702 7.010-43.564 2.17-18.862 1.336-40.642-2.504-65.346-3.838-24.704-10.932-49.906-21.284-75.612l-7.51-1.502c-5.342-1-14.106-0.75-26.29 0.752-12.184 1.502-26.372 4.506-42.562 9.014-16.19 4.506-37.054 13.186-62.592 26.038-25.538 12.852-52.494 28.958-80.87 48.32-48.736-13.352-115.668-20.030-200.792-20.030-84.792 0-151.556 6.678-200.294 20.030-28.376-19.362-55.5-35.468-81.37-48.32-25.87-12.852-46.484-21.532-61.84-26.038-15.354-4.508-29.71-7.428-43.062-8.764-13.354-1.336-21.784-1.752-25.288-1.252-3.504 0.5-6.26 1.086-8.262 1.752-10.348 25.706-17.442 50.906-21.28 75.612-3.838 24.704-4.674 46.486-2.504 65.346 2.17 18.86 4.508 33.382 7.010 43.564 2.504 10.182 5.258 19.278 8.262 27.29-55.414 60.422-83.122 132.026-83.122 214.816zM125.684 682.094c0-48.070 21.866-92.136 65.596-132.194 13.018-12.020 28.208-21.114 45.566-27.292 17.358-6.176 36.97-9.68 58.836-10.516 21.866-0.834 42.812-0.668 62.842 0.502 20.028 1.168 44.732 2.754 74.108 4.756 29.376 2.004 54.748 3.004 76.112 3.004 21.366 0 46.736-1 76.112-3.004 29.378-2.002 54.078-3.588 74.11-4.756 20.030-1.17 40.974-1.336 62.842-0.502 21.866 0.836 41.476 4.34 58.838 10.516 17.356 6.176 32.544 15.27 45.564 27.292 43.73 39.394 65.598 83.456 65.598 132.194 0 28.712-3.59 54.162-10.768 76.364-7.178 22.2-16.358 40.81-27.542 55.83-11.184 15.020-26.704 27.79-46.568 38.306-19.862 10.516-39.222 18.61-58.084 24.288-18.862 5.674-43.066 10.098-72.608 13.27-29.546 3.172-55.916 5.092-79.118 5.758-23.2 0.668-52.66 1.002-88.378 1.002-35.718 0-65.178-0.334-88.378-1.002-23.2-0.666-49.574-2.586-79.116-5.758-29.542-3.172-53.744-7.596-72.606-13.27-18.86-5.678-38.222-13.774-58.084-24.288-19.862-10.514-35.386-23.282-46.568-38.306-11.182-15.022-20.364-33.63-27.54-55.83-7.178-22.202-10.766-47.656-10.766-76.364zM640 672c0-53.019 28.654-96 64-96s64 42.981 64 96c0 53.019-28.654 96-64 96-35.346 0-64-42.981-64-96zM256 672c0-53.019 28.654-96 64-96s64 42.981 64 96c0 53.019-28.654 96-64 96-35.346 0-64-42.981-64-96z"
				],
				"tags": [
					"github",
					"octacat",
					"social"
				],
				"grid": 16
			},
			"properties": {
				"id": 392,
				"order": 47,
				"prevSize": 32,
				"code": 58927,
				"name": "github",
				"ligatures": ""
			},
			"setIdx": 0,
			"iconIdx": 392
		},
		{
			"icon": {
				"paths": [
					"M964.73 178.804c-93.902-109.45-233.21-178.804-388.73-178.804-282.77 0-512 229.23-512 512s229.23 512 512 512c155.52 0 294.828-69.356 388.728-178.804l-324.728-333.196 324.73-333.196zM704 120.602c39.432 0 71.398 31.964 71.398 71.398 0 39.432-31.966 71.398-71.398 71.398s-71.398-31.966-71.398-71.398c0-39.432 31.966-71.398 71.398-71.398z"
				],
				"tags": [
					"pacman",
					"game",
					"arcade"
				],
				"grid": 16
			},
			"properties": {
				"id": 22,
				"order": 48,
				"prevSize": 32,
				"code": 58921,
				"name": "pacman",
				"ligatures": ""
			},
			"setIdx": 0,
			"iconIdx": 22
		},
		{
			"icon": {
				"paths": [
					"M992.262 871.396l-242.552-206.294c-25.074-22.566-51.89-32.926-73.552-31.926 57.256-67.068 91.842-154.078 91.842-249.176 0-212.078-171.922-384-384-384-212.076 0-384 171.922-384 384 0 212.078 171.922 384 384 384 95.098 0 182.108-34.586 249.176-91.844-1 21.662 9.36 48.478 31.926 73.552l206.294 242.552c35.322 39.246 93.022 42.554 128.22 7.356s31.892-92.898-7.354-128.22zM384 640c-141.384 0-256-114.616-256-256s114.616-256 256-256 256 114.616 256 256-114.614 256-256 256z"
				],
				"tags": [
					"search",
					"magnifier",
					"lookup",
					"find"
				],
				"grid": 16
			},
			"properties": {
				"id": 127,
				"order": 49,
				"prevSize": 32,
				"code": 58928,
				"name": "search",
				"ligatures": ""
			},
			"setIdx": 0,
			"iconIdx": 127
		}
	],
	"height": 1024,
	"metadata": {
		"name": "icomoon"
	},
	"preferences": {
		"fontPref": {
			"prefix": "icon-",
			"metadata": {
				"fontFamily": "icomoon"
			},
			"showGlyphs": true,
			"metrics": {
				"emSize": 512,
				"baseline": 6.25,
				"whitespace": 50
			},
			"resetPoint": 58880,
			"showQuickUse": true,
			"quickUsageToken": false,
			"showMetrics": true,
			"showMetadata": false,
			"autoHost": true
		},
		"imagePref": {
			"color": 0,
			"height": 32,
			"columns": 16,
			"margin": 16,
			"png": false,
			"sprites": true
		},
		"historySize": 100,
		"showCodes": true,
		"gridSize": 16,
		"showLiga": false,
		"showGrid": true,
		"showGlyphs": true,
		"showQuickUse": true,
		"search": "",
		"quickUsageToken": {
			"UntitledProject1": "MTA4NTlmNGE4NDI3MzM5ODU4OGQxNjY5MjVjYzY5NzcjMiMxMzk3NjI1MjM4IyMj"
		}
	}
}